country,iso3,year,gdp_per_capita_constant_2015_usd,population_density_per_km2,urbanization_percent,passenger_cars_per_1000,motorization_source
Germany,DEU,1970,18062.7681725054,223.897370606937,79.6627851870384,,
Germany,DEU,1971,18594.4728854164,224.308544095323,79.6968705005988,,
Germany,DEU,1972,19301.5232494296,225.384389768854,79.7310978143457,,
Germany,DEU,1973,20160.0583265478,226.095339844757,79.7625459328083,,
Germany,DEU,1974,20331.5720957886,226.183464612036,79.7913607527508,,
Germany,DEU,1975,20230.6392028525,225.341717984705,79.8176881709377,,
Germany,DEU,1976,21323.1366430529,224.377595737977,79.8416740841331,,
Germany,DEU,1977,22086.8113636946,223.870231718844,79.8634643891014,,
Germany,DEU,1978,22771.1009028119,223.675479047919,79.8832049826069,,
Germany,DEU,1979,23705.7023334262,223.774382035345,79.9010417614138,,
Germany,DEU,1980,23989.8611451039,224.239039899178,79.9171206222865,,
Germany,DEU,1981,24080.1212028372,224.580835218973,79.9315874619892,,
Germany,DEU,1982,24007.8669264184,224.367330220835,79.9445881772863,,
Germany,DEU,1983,24449.3797993273,223.77991579068,79.956268664942,,
Germany,DEU,1984,25226.6224585486,223.007719187695,79.9667748217206,,
Germany,DEU,1985,25871.6378172177,222.50987597743,79.9762525443865,,
Germany,DEU,1986,26451.3009266847,222.611737748117,79.9848477297039,,
Germany,DEU,1987,26781.0162993047,222.953971300089,79.9927062744372,,
Germany,DEU,1988,27665.556776457,223.826709248704,79.9999740753505,,
Germany,DEU,1989,28522.1322159262,225.564354251998,80.0067970292083,,
Germany,DEU,1990,29763.3124657124,227.517053819494,80.0133210327747,,
Germany,DEU,1991,31056.5938822126,229.18080944061,80.0196919828142,,
Germany,DEU,1992,31441.9743477578,230.930020336264,80.026055776091,,
Germany,DEU,1993,30932.0193060317,232.459793194317,80.0325583093694,,
Germany,DEU,1994,31625.3939679554,233.274177193435,80.0393454794137,488.28,OECD/ITF
Germany,DEU,1995,32007.145402934,233.967490690347,80.0465631829882,494.69,OECD/ITF
Germany,DEU,1996,32245.8608379557,234.652470709559,80.0543573168571,500.37,OECD/ITF
Germany,DEU,1997,32795.7833455165,235.022979515829,80.0628737777848,504.32,OECD/ITF
Germany,DEU,1998,33477.9856458764,235.078777720474,80.0722584625357,507.93,OECD/ITF
Germany,DEU,1999,34168.8308210083,235.257731102069,80.0826572678738,515.52,OECD/ITF
Germany,DEU,2000,35104.1308467844,235.596813297034,80.0942160905637,532.43,OECD/ITF
Germany,DEU,2001,35618.5143698493,236.027300085985,80.1070808273695,538.96,OECD/ITF
Germany,DEU,2002,35477.5151544301,236.451570830706,80.1213973750556,541.38,OECD/ITF
Germany,DEU,2003,35270.0227284267,236.616427281328,80.1373116303862,545.51,OECD/ITF
Germany,DEU,2004,35687.6378708542,236.592195429653,80.1549694901257,549.9,OECD/ITF
Germany,DEU,2005,36024.0947047021,236.464680582636,80.1745168510383,558.88,OECD/ITF
Germany,DEU,2006,37459.261328042,236.225197866483,80.1960996098884,565.33,OECD/ITF
Germany,DEU,2007,38593.0749910508,235.943361918146,80.2198636634402,500.61,OECD/ITF
Germany,DEU,2008,39009.8477636357,235.522178240542,80.2459549084581,503.24,OECD/ITF
Germany,DEU,2009,36940.4078672661,234.939637417171,80.2745192417062,509.6,OECD/ITF
Germany,DEU,2010,38526.7371042695,234.606908225034,80.305702559949,517.28,OECD/ITF
Germany,DEU,2011,40722.4849268242,230.304633348634,80.3405762928198,534.76,OECD/ITF
Germany,DEU,2012,40834.5088218456,230.750625466231,80.393447520218,540.01,OECD/ITF
Germany,DEU,2013,40884.8926759028,231.155712565925,80.4732318400362,543.75,OECD/ITF
Germany,DEU,2014,41602.4661281668,232.108053883634,80.57574023743,548.31,OECD/ITF
Germany,DEU,2015,41929.7549110722,234.152986871524,80.6974371632814,551.76,OECD/ITF
Germany,DEU,2016,42516.9337063103,235.712929356538,80.8347870684725,556.21,OECD/ITF
Germany,DEU,2017,43543.4807050551,236.588722557747,80.9842544038853,562.26,OECD/ITF
Germany,DEU,2018,43905.8550061973,237.294012250272,81.1423036204018,568.06,OECD/ITF
Germany,DEU,2019,44235.2658954682,237.822954291766,81.3053991689039,574.25,OECD/ITF
Germany,DEU,2020,42372.8726784255,238.017318755545,81.4700055002738,580.18,OECD/ITF
Germany,DEU,2021,44011.0194631674,238.118085806692,81.6325870653934,583.45,OECD/ITF
Germany,DEU,2022,44817.1316331389,238.086252003664,81.7867852780995,586.25,OECD/ITF
Germany,DEU,2023,44368.9920074881,238.351810090719,81.9034366692129,589.51,OECD/ITF
Germany,DEU,2024,44027.7631554469,,82.0211432579125,590.77,OECD/ITF
France,FRA,1970,17116.859268108,96.4972056777066,71.3599779089291,,
France,FRA,1971,17853.8971347786,97.4108043417757,71.875132564358,,
France,FRA,1972,18496.7852509799,98.2695166527507,72.3147256282583,,
France,FRA,1973,19484.4620579649,99.0670025048706,72.6612390105508,,
France,FRA,1974,20210.490760679,99.7245959736525,72.897154621156,,
France,FRA,1975,19924.3722074097,100.20011689396,73.0141655469367,,
France,FRA,1976,20700.6186231805,100.626000556638,73.0820015754495,,
France,FRA,1977,21336.3877815302,101.097443176547,73.1339199821614,,
France,FRA,1978,22078.7228161384,101.556786343817,73.1746727920795,,
France,FRA,1979,22792.2359498683,102.012897300306,73.2106388615716,,
France,FRA,1980,23050.9255953042,102.559020317284,73.2481970470056,,
France,FRA,1981,23186.7612665684,103.169780128027,73.2937262047492,,
France,FRA,1982,23666.5121788084,103.54724742555,73.3522531908044,,
France,FRA,1983,23836.4018927227,104.106744595974,73.4180335490284,,
France,FRA,1984,24102.0176176027,104.616541423138,73.487468496869,,
France,FRA,1985,24358.1382748825,105.140771871231,73.5623571560102,,
France,FRA,1986,24813.0302579158,105.679565822433,73.6440191686816,,
France,FRA,1987,25308.620924146,106.255064477224,73.7337741771127,,
France,FRA,1988,26374.1221811161,106.871112348084,73.8329418235332,,
France,FRA,1989,27372.0534763161,107.51101586418,73.9428417501728,,
France,FRA,1990,27992.9751471374,108.10095927266,74.0675966432025,,
France,FRA,1991,28197.2359540607,108.645035717599,74.2197862924166,,
France,FRA,1992,28482.5194675509,109.187464514333,74.4051122960444,,
France,FRA,1993,28257.0962487817,109.663408479451,74.6168782336776,,
France,FRA,1994,28822.5006495069,110.074891919473,74.8499283532348,401.52,OECD/ITF
France,FRA,1995,29379.6158424052,110.476470915669,75.0991069026347,406.61,OECD/ITF
France,FRA,1996,29683.7786067651,110.872073476204,75.3592581297959,410.68,OECD/ITF
France,FRA,1997,30325.522871824,111.268329158549,75.6252262826369,417.22,OECD/ITF
France,FRA,1998,31256.5073830655,111.681387883848,75.8918556090764,433.46,OECD/ITF
France,FRA,1999,32152.7207478734,112.258996196308,76.1682703613968,443.13,OECD/ITF
France,FRA,2000,33255.1379642335,113.032119862696,76.5143983146093,455.85,OECD/ITF
France,FRA,2001,33640.6738002565,113.859127933946,76.9074413607811,462.48,OECD/ITF
France,FRA,2002,33753.5782979758,114.6899378421,77.2543866607525,468.03,OECD/ITF
France,FRA,2003,33840.6175720101,115.50209666945,77.4691216035138,471.65,OECD/ITF
France,FRA,2004,34557.1471111581,116.351401799796,77.4900500011961,474.11,OECD/ITF
France,FRA,2005,34946.0372494703,117.229527785509,77.4363315105438,474.83,OECD/ITF
France,FRA,2006,35645.4162427116,118.048690973189,77.3467240068648,475.46,OECD/ITF
France,FRA,2007,36322.1685141004,118.780758883013,77.2457976606157,477.22,OECD/ITF
France,FRA,2008,36257.3658930938,119.445432785973,77.1561901569367,478.06,OECD/ITF
France,FRA,2009,35052.8510772683,120.060183690509,77.1005391809676,512.1,OECD/ITF
France,FRA,2010,35578.1968010183,120.653513312923,77.0962844808803,517.44,OECD/ITF
France,FRA,2011,36269.9561530888,121.237276185175,77.1182717387509,523.36,OECD/ITF
France,FRA,2012,36161.2918253465,121.825139623342,77.1669464919916,528.88,OECD/ITF
France,FRA,2013,36256.086680981,122.456502458484,77.2440721470918,530.37,OECD/ITF
France,FRA,2014,36444.3949089146,123.039367288246,77.3524296788613,534.4,OECD/ITF
France,FRA,2015,36702.4323733379,123.477636144355,77.7610919150066,539.78,OECD/ITF
France,FRA,2016,36920.5342846914,123.803885332591,78.5999114705779,545.41,OECD/ITF
France,FRA,2017,37580.5979329356,124.163688653864,78.6467804026368,550.86,OECD/ITF
France,FRA,2018,38062.4435961412,124.609607570276,78.6714432536599,552.81,OECD/ITF
France,FRA,2019,38705.2072940618,125.024698023935,78.6890784549356,552.41,OECD/ITF
France,FRA,2020,35709.2045925926,125.431134613601,78.7119131765249,549.92,OECD/ITF
France,FRA,2021,38030.8571685178,125.879601076167,78.7364603392338,553.89,OECD/ITF
France,FRA,2022,38868.3303330557,126.513511457464,78.7591921123356,554.66,OECD/ITF
France,FRA,2023,39319.4152227295,126.862020595603,78.7804323126547,555.67,OECD/ITF
France,FRA,2024,39683.3953489029,,78.7999750964116,561.12,OECD/ITF
United Kingdom,GBR,1970,19524.6865159129,230.079981812921,76.9181556673291,,
United Kingdom,GBR,1971,19833.0569103608,231.042958707064,76.9023108087531,,
United Kingdom,GBR,1972,20482.7111067345,231.82765676022,76.9664092010843,,
United Kingdom,GBR,1973,21938.2937939268,232.275976522134,77.1097588679539,,
United Kingdom,GBR,1974,21556.1992721976,232.422494109866,77.3109917306611,,
United Kingdom,GBR,1975,21411.8812069663,232.405241185467,77.5493534649081,,
United Kingdom,GBR,1976,22017.8273799837,232.348067622866,77.8040897463968,,
United Kingdom,GBR,1977,22545.596298244,232.271698425164,78.0544462508291,,
United Kingdom,GBR,1978,23311.6577053372,232.284148307362,78.279668653907,,
United Kingdom,GBR,1979,23930.4936898844,232.492667300459,78.4590026313326,,
United Kingdom,GBR,1980,23381.0626649925,232.770702269251,78.5716938588077,,
United Kingdom,GBR,1981,23063.5915396279,232.85177117348,78.5988698930662,,
United Kingdom,GBR,1982,23554.7695677663,232.768325548712,78.5790435793683,,
United Kingdom,GBR,1983,24400.1538085665,232.847716281569,78.5365448356556,,
United Kingdom,GBR,1984,25012.2474056338,233.216517174389,78.4775775496664,,
United Kingdom,GBR,1985,25853.7914666851,233.746405985202,78.4080567918043,,
United Kingdom,GBR,1986,26828.9203252802,234.288414004051,78.3338976324727,,
United Kingdom,GBR,1987,27993.289860294,234.787128508246,78.2610151420751,,
United Kingdom,GBR,1988,29336.7220502717,235.3090852726,78.1953243910149,,
United Kingdom,GBR,1989,29928.0161928787,235.92241970818,78.1427404496957,,
United Kingdom,GBR,1990,30071.2085616955,236.628719050965,78.1091783885209,,
United Kingdom,GBR,1991,29590.9054053428,237.361621130079,78.1020654236402,,
United Kingdom,GBR,1992,29893.0776793743,238.0043896995,78.1549335902337,,
United Kingdom,GBR,1993,30862.4118121654,238.575678915389,78.2748023147801,,
United Kingdom,GBR,1994,32308.7952722115,239.183834166908,78.4474219748331,376.15,OECD/ITF
United Kingdom,GBR,1995,33362.0161272507,239.817426528335,78.6591002712985,378.86,OECD/ITF
United Kingdom,GBR,1996,34147.3459054033,240.428843053776,78.8961449050823,392.82,OECD/ITF
United Kingdom,GBR,1997,35721.6105928791,241.048873641136,79.1448635770901,402.61,OECD/ITF
United Kingdom,GBR,1998,36773.9287790406,241.752329186128,79.391563988228,409.47,OECD/ITF
United Kingdom,GBR,1999,37730.7155591161,242.559690819659,79.6225538394017,420.13,OECD/ITF
United Kingdom,GBR,2000,39297.1366317267,243.427908899268,79.8241408315172,426.05,OECD/ITF
United Kingdom,GBR,2001,40082.1359356822,244.366854048692,79.9838301298823,437.03,OECD/ITF
United Kingdom,GBR,2002,40594.932929345,245.40354234696,80.1146062677742,446.57,OECD/ITF
United Kingdom,GBR,2003,41706.8303930126,246.548906708552,80.2331593332802,452.84,OECD/ITF
United Kingdom,GBR,2004,42434.8209023638,247.955627660894,80.3423284929998,463.83,OECD/ITF
United Kingdom,GBR,2005,43320.5628684438,249.663977183483,80.4455938127627,469.26,OECD/ITF
United Kingdom,GBR,2006,43944.9985799069,251.50589013351,80.5464353583991,470.54,OECD/ITF
United Kingdom,GBR,2007,44882.141312304,253.471925763651,80.6483331957387,470.32,OECD/ITF
United Kingdom,GBR,2008,44508.2874631479,255.474703426611,80.7547673906116,469.49,OECD/ITF
United Kingdom,GBR,2009,42146.5095879962,257.414417393461,80.8692180088478,467.41,OECD/ITF
United Kingdom,GBR,2010,42762.720840223,259.440189310958,80.995165116277,466.65,OECD/ITF
United Kingdom,GBR,2011,42791.0934313474,261.475674781962,81.1359685592627,463.78,OECD/ITF
United Kingdom,GBR,2012,43136.7006795996,263.344769148101,81.2905667759508,464.61,OECD/ITF
United Kingdom,GBR,2013,43585.8731772281,265.109742487496,81.4573768694887,468.23,OECD/ITF
United Kingdom,GBR,2014,44628.5724578217,267.097920886207,81.6355750750722,472.2,OECD/ITF
United Kingdom,GBR,2015,45256.040227057,269.032364733601,81.8243772295647,478.9,OECD/ITF
United Kingdom,GBR,2016,45888.7099614563,271.177613359236,82.0229991698295,484.59,OECD/ITF
United Kingdom,GBR,2017,47019.4510419999,272.657380233952,82.23065673273,487.52,OECD/ITF
United Kingdom,GBR,2018,47516.2099770322,273.992477162816,82.4465657551295,490.18,OECD/ITF
United Kingdom,GBR,2019,47866.9140354078,275.401975778118,82.6699420738913,493.53,OECD/ITF
United Kingdom,GBR,2020,42985.0392148248,275.864919604844,82.9000015258789,489.89,OECD/ITF
United Kingdom,GBR,2021,46491.5068836685,276.848675236639,82.9886431523641,491.0,OECD/ITF
United Kingdom,GBR,2022,48410.095170282,279.568470218658,83.0753982997505,490.91,OECD/ITF
United Kingdom,GBR,2023,47911.1540134832,283.247220270326,83.1601932891335,490.28,OECD/ITF
United Kingdom,GBR,2024,47900.9680144146,,83.2429544416085,490.66,OECD/ITF
Italy,ITA,1970,15813.2011158569,182.999047975247,64.4584859539895,,
Italy,ITA,1971,16025.7748802391,183.854646220802,64.8011235401742,,
Italy,ITA,1972,16523.1331589998,184.901380435891,65.0952520132444,,
Italy,ITA,1973,17580.9120841639,186.159620550134,65.3818598204908,,
Italy,ITA,1974,18426.9080027171,187.381823127401,65.6630191855156,,
Italy,ITA,1975,17934.3228648852,188.504304511917,65.93180430874,,
Italy,ITA,1976,19116.6107624269,189.44700962225,66.1812893905852,,
Italy,ITA,1977,19522.996928617,190.253343986944,66.4045486314727,,
Italy,ITA,1978,20083.8802093996,190.932450443712,66.5946562318235,,
Italy,ITA,1979,21219.2669637857,191.485325218456,66.7446863920592,,
Italy,ITA,1980,21901.9268708549,191.880191084968,66.8477133126008,,
Italy,ITA,1981,22060.3287067697,192.110689877937,66.8957067261538,,
Italy,ITA,1982,22135.1628545397,192.253061779606,66.8973453437563,,
Italy,ITA,1983,22385.8416028019,192.322851994152,66.8849239308828,,
Italy,ITA,1984,23102.8115427941,192.365842711911,66.8645181676116,,
Italy,ITA,1985,23742.3854949723,192.421444357553,66.838537979828,,
Italy,ITA,1986,24420.0802858599,192.431930230186,66.8093932934176,,
Italy,ITA,1987,25196.9881183266,192.451569140798,66.779494034266,,
Italy,ITA,1988,26241.1619056876,192.544585359219,66.7512501282587,,
Italy,ITA,1989,27109.970559768,192.689065315698,66.7270715012812,,
Italy,ITA,1990,27625.1792306413,192.850430111183,66.709368079219,,
Italy,ITA,1991,28030.7653841073,192.983988983714,66.7007288477386,,
Italy,ITA,1992,28245.4271054692,193.115116793037,66.7046939025797,,
Italy,ITA,1993,27987.4328969281,193.233215463602,66.7268353013949,,
Italy,ITA,1994,28583.6255328648,193.272585087212,66.7649491303665,521.87,OECD/ITF
Italy,ITA,1995,29408.3209572297,193.27565536704,66.8166099473719,533.05,OECD/ITF
Italy,ITA,1996,29795.6597750915,193.329981979531,66.8793923102889,535.87,OECD/ITF
Italy,ITA,1997,30353.3778243995,193.432294039645,66.950870776995,540.48,OECD/ITF
Italy,ITA,1998,30892.1758654455,193.487960286967,67.0286199053679,554.82,OECD/ITF
Italy,ITA,1999,31405.2609007683,193.520509333243,67.1102142532851,562.9,OECD/ITF
Italy,ITA,2000,32609.66746283,192.555434569421,67.1932283786243,572.23,OECD/ITF
Italy,ITA,2001,33243.599343976,192.673361107542,67.27519882288,583.38,OECD/ITF
Italy,ITA,2002,33267.4474482048,193.054951000615,67.3538786566538,590.41,OECD/ITF
Italy,ITA,2003,33110.1698494812,194.101082788332,67.4299414611787,597.75,OECD/ITF
Italy,ITA,2004,33348.9744820456,195.55177229658,67.5072499739908,587.48,OECD/ITF
Italy,ITA,2005,33407.6754716472,196.6964540542,67.5897169318419,596.0,OECD/ITF
Italy,ITA,2006,33873.0493680093,197.484972169432,67.6812550714834,604.41,OECD/ITF
Italy,ITA,2007,34159.9109244074,198.690127080529,67.7857771296669,607.26,OECD/ITF
Italy,ITA,2008,33550.6340800063,200.22853191216,67.9071958431441,609.77,OECD/ITF
Italy,ITA,2009,31587.0638416305,201.392725501999,68.0494239486665,610.72,OECD/ITF
Italy,ITA,2010,31928.5543621096,202.285308976795,68.2163741829857,614.37,OECD/ITF
Italy,ITA,2011,32039.5032494316,202.986767799052,68.4015073889511,618.28,OECD/ITF
Italy,ITA,2012,30953.4147447427,203.542723134878,68.7608794235259,616.01,OECD/ITF
Italy,ITA,2013,30330.0221599668,203.949752805037,69.3073989916076,612.87,OECD/ITF
Italy,ITA,2014,30325.0287793923,203.980505075782,69.5807638614879,614.73,OECD/ITF
Italy,ITA,2015,30639.8829751432,203.672434549131,69.6100006103516,620.15,OECD/ITF
Italy,ITA,2016,31077.6792675211,203.285640373599,69.5969232525286,630.06,OECD/ITF
Italy,ITA,2017,31635.52277108,202.903617635721,69.5180784259382,641.98,OECD/ITF
Italy,ITA,2018,31963.6417148824,202.480812801385,69.4800033569336,648.7,OECD/ITF
Italy,ITA,2019,32180.4341017428,201.980545589195,69.5050010681153,662.08,OECD/ITF
Italy,ITA,2020,29469.7989238626,200.999100491348,69.5187492370606,668.21,OECD/ITF
Italy,ITA,2021,32267.7091050201,199.965416259464,69.4812507629394,673.44,OECD/ITF
Italy,ITA,2022,33891.8866526216,199.559268903016,69.4839779766539,681.42,OECD/ITF
Italy,ITA,2023,34221.7182928271,199.459678073854,69.5381540123301,693.66,OECD/ITF
Italy,ITA,2024,34508.1235191237,,69.6047535143071,701.25,OECD/ITF
Japan,JPN,1970,14318.6588003477,281.982547041178,71.8621514888884,,
Japan,JPN,1971,14666.1228715572,288.238341968912,72.7088282579266,,
Japan,JPN,1972,15678.891945691,292.384069830878,73.678910701481,,
Japan,JPN,1973,16701.6297669361,296.527550463721,74.6313684290253,,
Japan,JPN,1974,16279.1053900856,300.496453900709,75.4106178027416,,
Japan,JPN,1975,16570.1490384468,304.428376534789,75.8511067264535,,
Japan,JPN,1976,17045.1784418847,307.708049113233,75.9718496490584,,
Japan,JPN,1977,17622.1033093596,310.786026200873,76.0333398797102,,
Japan,JPN,1978,18383.0750924035,313.627183406114,76.0764616511381,,
Japan,JPN,1979,19227.734800588,316.293668122271,76.1171567691576,,
Japan,JPN,1980,19614.2922299856,318.883428883429,76.172396260342,,
Japan,JPN,1981,20291.567958628,321.127183406114,76.2503223945228,,
Japan,JPN,1982,20818.8044337152,323.539049699618,76.3474944329034,,
Japan,JPN,1983,21402.8665366541,325.797378481704,76.4572744627542,,
Japan,JPN,1984,22221.8862508533,329.265149437894,76.5743728196347,,
Japan,JPN,1985,23238.9252243658,331.423477783873,76.6930644715793,,
Japan,JPN,1986,23884.4841642864,333.101179051275,76.81341381908,,
Japan,JPN,1987,24894.0912634322,334.80252331322,76.9402952490325,,
Japan,JPN,1988,26472.7749041278,336.198573779484,77.072111271414,,
Japan,JPN,1989,27648.0847646202,337.545255074054,77.2063887541774,,
Japan,JPN,1990,28904.7658863073,338.667032364235,77.3404178010312,,
Japan,JPN,1991,29775.391651584,340.0,77.4744816932723,,
Japan,JPN,1992,29916.6529957081,341.264399341744,77.6108029675096,,
Japan,JPN,1993,29665.3871017287,342.372462973121,77.7480283183434,,
Japan,JPN,1994,29876.454752764,343.329676357652,77.8843368177677,340.94,OECD/ITF
Japan,JPN,1995,30504.5332529005,344.136039495337,78.0190838015653,356.1,OECD/ITF
Japan,JPN,1996,31371.432405964,345.012345679012,78.1374047267253,372.69,OECD/ITF
Japan,JPN,1997,31723.3382538425,345.835390946502,78.2318902291629,385.63,OECD/ITF
Japan,JPN,1998,31076.4386626557,346.776406035665,78.3266396189341,394.74,OECD/ITF
Japan,JPN,1999,30911.9243180534,347.410150891632,78.448341899402,404.04,OECD/ITF
Japan,JPN,2000,31779.3788459032,347.991769547325,78.6126803295375,413.4,OECD/ITF
Japan,JPN,2001,31793.1269485489,348.831275720165,79.1577482060887,421.08,OECD/ITF
Japan,JPN,2002,31746.2430105713,349.643347050754,80.5469860733981,427.95,OECD/ITF
Japan,JPN,2003,32115.5810785373,350.39231824417,82.4206778416671,432.3,OECD/ITF
Japan,JPN,2004,32783.1292835489,350.510288065844,84.3710541898905,438.27,OECD/ITF
Japan,JPN,2005,33385.9179590327,350.543209876543,85.9573620483714,446.81,OECD/ITF
Japan,JPN,2006,33880.6890093456,350.765432098765,87.1460898958075,449.9,OECD/ITF
Japan,JPN,2007,34426.6937124867,351.168724279835,88.2701404492656,450.18,OECD/ITF
Japan,JPN,2008,34008.5915147362,351.338820301783,89.2921563808851,451.85,OECD/ITF
Japan,JPN,2009,31993.8588053706,351.294924554184,90.1131158718189,453.11,OECD/ITF
Japan,JPN,2010,33311.2872381879,351.358024691358,90.6228586840649,455.59,OECD/ITF
Japan,JPN,2011,33306.1802259719,350.707818930041,90.8631654434251,458.96,OECD/ITF
Japan,JPN,2012,33909.4911855243,350.148148148148,91.0265277326652,465.58,OECD/ITF
Japan,JPN,2013,34636.6924746166,349.643347050754,91.1516595654317,471.07,OECD/ITF
Japan,JPN,2014,34996.8796756631,349.179698216735,91.2548945132333,476.66,OECD/ITF
Japan,JPN,2015,35664.6446110613,348.809327846365,91.3532644103625,479.68,OECD/ITF
Japan,JPN,2016,35934.4467886662,348.631001371742,91.4541254852142,483.2,OECD/ITF
Japan,JPN,2017,36547.7357437305,348.345679012346,91.5498419685883,486.75,OECD/ITF
Japan,JPN,2018,36899.3847079435,347.903978052126,91.6377318609728,489.12,OECD/ITF
Japan,JPN,2019,36837.2583653113,347.415637860082,91.7164207898107,490.71,OECD/ITF
Japan,JPN,2020,35363.2996951789,346.395061728395,91.7809926267889,492.58,OECD/ITF
Japan,JPN,2021,36792.556429474,344.80546776406,91.8741049279527,494.62,OECD/ITF
Japan,JPN,2022,37448.3504824849,343.278433470508,91.9776532428406,496.76,OECD/ITF
Japan,JPN,2023,37902.5492204411,341.54455749932,92.0826903891473,500.5,OECD/ITF
Japan,JPN,2024,37976.6371788298,,92.1901718034531,502.69,OECD/ITF
South Korea,KOR,1970,2001.04656436772,334.240379431889,40.7085270995502,,
South Korea,KOR,1971,2170.9646968132,340.894712834335,42.3477332957849,,
South Korea,KOR,1972,2286.93666830827,347.350259174787,43.7893372123996,,
South Korea,KOR,1973,2583.31158461691,353.547055774414,45.1473735759202,,
South Korea,KOR,1974,2784.47241806545,359.65442670537,46.5094025449477,,
South Korea,KOR,1975,2955.1963902217,365.75497615592,47.9673969434303,,
South Korea,KOR,1976,3294.13497099216,371.641333195107,49.5736556126164,,
South Korea,KOR,1977,3644.59385270464,377.480769230769,51.3027034426193,,
South Korea,KOR,1978,3986.99777854343,383.259226622434,53.0955799830981,,
South Korea,KOR,1979,4270.07298916474,389.117105535973,54.8987778188484,,
South Korea,KOR,1980,4139.9606854608,395.228851337342,56.6554425515705,,
South Korea,KOR,1981,4377.64026742067,401.443582832262,58.3339941411302,,
South Korea,KOR,1982,4675.53053701243,407.695956873315,59.950566865243,,
South Korea,KOR,1983,5227.53893142287,413.750808625337,61.5442686216481,,
South Korea,KOR,1984,5712.63984757483,418.888202363674,63.149438472478,,
South Korea,KOR,1985,6105.74268983951,423.032801161103,64.7952808591987,,
South Korea,KOR,1986,6740.69941617276,427.261808003317,66.5771098057876,,
South Korea,KOR,1987,7535.12660432782,431.491706406801,68.5628466782553,,
South Korea,KOR,1988,8367.04656522944,435.737580344184,70.5877839860655,,
South Korea,KOR,1989,8878.29655251462,440.068816089571,72.4660369649545,,
South Korea,KOR,1990,9672.57845182894,444.425492432096,73.9851161168568,,
South Korea,KOR,1991,10618.8431439122,448.84619531412,75.1606018983188,,
South Korea,KOR,1992,11176.560685871,453.534750155505,76.1960694185519,,
South Korea,KOR,1993,11837.4692053797,458.165332780427,77.1082857281795,,
South Korea,KOR,1994,12817.2447824958,462.798465685258,77.8585649228147,115.34,OECD/ITF
South Korea,KOR,1995,13924.3044000347,467.478654364503,78.400437187912,133.19,OECD/ITF
South Korea,KOR,1996,14894.3278834104,471.953980924736,78.7508147919442,151.43,OECD/ITF
South Korea,KOR,1997,15682.2717905189,476.400373211694,78.9918025094803,165.08,OECD/ITF
South Korea,KOR,1998,14800.5091573641,479.851783122538,79.1812369650495,163.78,OECD/ITF
South Korea,KOR,1999,16402.9168341094,483.274694173751,79.3623394908518,168.12,OECD/ITF
South Korea,KOR,2000,17763.1353417297,487.332687124197,79.579960745642,171.97,OECD/ITF
South Korea,KOR,2001,18460.4288193829,489.664709530701,79.8787704357425,187.65,OECD/ITF
South Korea,KOR,2002,19775.3800655139,492.248538072115,80.2766294544335,204.37,OECD/ITF
South Korea,KOR,2003,20278.0406421178,494.755475206612,80.707793508044,214.63,OECD/ITF
South Korea,KOR,2004,21244.8136800528,496.617630654823,81.104386778171,220.89,OECD/ITF
South Korea,KOR,2005,22123.7613066851,497.517408363449,81.3901352283669,230.82,OECD/ITF
South Korea,KOR,2006,23162.1860111297,499.982369942197,81.566462110512,239.62,OECD/ITF
South Korea,KOR,2007,24391.7651013448,502.307449442839,81.712125801927,248.54,OECD/ITF
South Korea,KOR,2008,24934.5396367691,505.770780492834,81.8350833138518,254.49,OECD/ITF
South Korea,KOR,2009,25009.9148311999,508.013960436843,81.9245045084002,264.13,OECD/ITF
South Korea,KOR,2010,26623.0487122927,509.815967078189,81.9685075986486,275.09,OECD/ITF
South Korea,KOR,2011,27393.455357272,513.804280275749,81.9615408086376,283.09,OECD/ITF
South Korea,KOR,2012,27944.0564190045,515.875583187751,81.9087898200378,290.38,OECD/ITF
South Korea,KOR,2013,28732.711152033,517.612269825303,81.8269383502703,299.0,OECD/ITF
South Korea,KOR,2014,29470.6732991655,520.852499230217,81.7315682816954,310.31,OECD/ITF
South Korea,KOR,2015,30171.7906545222,523.525547744882,81.639489860678,324.64,OECD/ITF
South Korea,KOR,2016,31005.4072876388,525.370072521002,81.5559241797057,338.52,OECD/ITF
South Korea,KOR,2017,31979.9027302467,526.734806686494,81.471030429984,351.13,OECD/ITF
South Korea,KOR,2018,32852.8887488942,528.969011484824,81.3823523035196,362.06,OECD/ITF
South Korea,KOR,2019,33496.3113815643,530.377274590164,81.2901063535619,370.47,OECD/ITF
South Korea,KOR,2020,33215.9298928108,531.109006147541,81.1759595622913,383.15,OECD/ITF
South Korea,KOR,2021,34792.9397214598,530.425604508197,81.1616526507785,394.26,OECD/ITF
South Korea,KOR,2022,35809.0138105144,529.43205942623,81.1624941626873,405.49,OECD/ITF
South Korea,KOR,2023,36347.7036392553,529.842407786885,81.1645551720421,413.64,OECD/ITF
South Korea,KOR,2024,37048.4264001496,,81.1682528469686,420.69,OECD/ITF
Sweden,SWE,1970,24623.249431809,19.7447020263431,81.2420904958891,,
Sweden,SWE,1971,24685.407089056,19.8810329560315,81.6540963032829,,
Sweden,SWE,1972,25175.8867084479,19.9398683703062,81.9892543928674,,
Sweden,SWE,1973,26129.7839499588,19.9742671779844,82.2714823512026,,
Sweden,SWE,1974,26887.3346708697,20.0323096422961,82.4984771597006,,
Sweden,SWE,1975,27464.4049610736,20.1120514401125,82.6647545470579,,
Sweden,SWE,1976,27654.2494023205,20.185329345507,82.7897023826296,,
Sweden,SWE,1977,27116.3390871045,20.2571465536013,82.8988670650371,,
Sweden,SWE,1978,27511.0807850431,20.3162102785464,82.9905429060001,,
Sweden,SWE,1979,28505.2342759779,20.3605933818874,83.0565715889195,,
Sweden,SWE,1980,28931.0264163728,20.4019667123043,83.0882867174939,,
Sweden,SWE,1981,29027.7824143923,20.4264475080627,83.0927983883441,,
Sweden,SWE,1982,29373.4380991971,20.4381330864632,83.0944598230235,,
Sweden,SWE,1983,29918.1729235917,20.4473882609527,83.095487090311,,
Sweden,SWE,1984,31155.2490743847,20.465977168442,83.0966927900602,,
Sweden,SWE,1985,31775.7912577093,20.4998088818743,83.098679811213,,
Sweden,SWE,1986,32555.1791684435,20.5475405417149,83.111717825664,,
Sweden,SWE,1987,33534.9428309982,20.6162178643525,83.1592581308537,,
Sweden,SWE,1988,34235.4074821733,20.7111877383913,83.2321207888848,,
Sweden,SWE,1989,34910.5951930064,20.8498312342254,83.3183773224841,,
Sweden,SWE,1990,34903.3480401006,21.0115414726333,83.4041730411294,,
Sweden,SWE,1991,34268.9743998346,21.1552544473323,83.4950691325043,,
Sweden,SWE,1992,33673.8489875564,21.2797009473911,83.6078889853357,,
Sweden,SWE,1993,32787.2810455518,21.4036613666677,83.7269008050895,,
Sweden,SWE,1994,33862.4221711967,21.556320191722,83.8312298868944,409.3,OECD/ITF
Sweden,SWE,1995,35064.4138802129,21.669724311183,83.9000015258789,411.35,OECD/ITF
Sweden,SWE,1996,35605.4537507466,21.7042385016732,83.9365712484942,413.41,OECD/ITF
Sweden,SWE,1997,36675.7506543343,21.7166703859211,83.96246905017,418.6,OECD/ITF
Sweden,SWE,1998,38211.7233090832,21.7287291172454,83.9840819295031,428.43,OECD/ITF
Sweden,SWE,1999,39786.0271902555,21.7456682960193,84.00779688509,439.16,OECD/ITF
Sweden,SWE,2000,41561.7747635857,21.7806145583158,84.0400009155273,450.74,OECD/ITF
Sweden,SWE,2001,42014.4022302506,21.8391676529442,84.0827152824223,451.78,OECD/ITF
Sweden,SWE,2002,42831.7584103774,21.9103563929565,84.1342508376823,452.98,OECD/ITF
Sweden,SWE,2003,43475.3655433221,21.9920351490414,84.1954289653543,454.94,OECD/ITF
Sweden,SWE,2004,45114.6701230708,22.0786999155742,84.2670710494849,457.38,OECD/ITF
Sweden,SWE,2005,46189.6828420555,22.1671788927031,84.3499984741211,460.01,OECD/ITF
Sweden,SWE,2006,48078.3520110084,22.2922170365422,84.4553200620359,462.8,OECD/ITF
Sweden,SWE,2007,49262.152916545,22.4581399750626,84.5906875454778,465.5,OECD/ITF
Sweden,SWE,2008,48428.6587081751,22.6337796193202,84.7517366727063,464.12,OECD/ITF
Sweden,SWE,2009,45974.3911151254,22.8274214371936,84.9341031919813,462.52,OECD/ITF
Sweden,SWE,2010,48205.5492512742,23.0228627359425,85.1334228515625,462.27,OECD/ITF
Sweden,SWE,2011,49356.5905257047,23.1973780115221,85.3600748880524,465.79,OECD/ITF
Sweden,SWE,2012,48789.7906883637,23.3696200002111,85.6250668883122,467.17,OECD/ITF
Sweden,SWE,2013,48928.4994141291,23.5684835040631,85.9249771259894,468.26,OECD/ITF
Sweden,SWE,2014,49557.6183647959,23.8034986523533,86.2563838747314,472.92,OECD/ITF
Sweden,SWE,2015,51188.1652120493,24.0582617728817,86.6158654081858,476.47,OECD/ITF
Sweden,SWE,2016,51626.3235312369,24.362449750883,87.0,480.5,OECD/ITF
Sweden,SWE,2017,51894.3748177808,24.6929419766692,87.237373786911,481.78,OECD/ITF
Sweden,SWE,2018,52203.0872589761,24.9814588688378,87.4737430925296,478.69,OECD/ITF
Sweden,SWE,2019,53024.4099494317,25.2378879395011,87.7088420242759,475.53,OECD/ITF
Sweden,SWE,2020,51624.5811789573,25.4209438224317,87.9424046895699,477.53,OECD/ITF
Sweden,SWE,2021,53997.1337068799,25.5740792575133,88.1741651958315,478.77,OECD/ITF
Sweden,SWE,2022,54304.1877501033,25.7487256923983,88.4038576504809,474.93,OECD/ITF
Sweden,SWE,2023,53937.7967122429,25.8713678886243,88.631216160938,472.37,OECD/ITF
Sweden,SWE,2024,54316.2619329718,,88.8559748346228,470.95,OECD/ITF
United States,USA,1970,25231.1271587521,22.3881314035655,73.4952537807929,,
United States,USA,1971,25734.4828317751,22.6729890729952,73.5330324597265,,
United States,USA,1972,26798.5336106847,22.9170124118896,73.5628076749457,,
United States,USA,1973,28042.5519181903,23.1367971909474,73.5855186931405,,
United States,USA,1974,27637.2997756103,23.3491575462716,73.6035786053068,,
United States,USA,1975,27309.8688183059,23.5805156917379,73.6194005024406,,
United States,USA,1976,28509.1430593189,23.8056504231922,73.6353974755378,,
United States,USA,1977,29528.9663682275,24.0462890983256,73.6539826155944,,
United States,USA,1978,30834.9992322862,24.3024317171382,73.6775690136064,,
United States,USA,1979,31462.1003882108,24.5721129909946,73.7085697605697,,
United States,USA,1980,31081.6216322106,24.8090394542612,73.7506044021808,,
United States,USA,1981,31559.1293376105,25.0537178893674,73.8139615156658,,
United States,USA,1982,30696.0834382608,25.293701468289,73.9035480290863,,
United States,USA,1983,31810.9216076638,25.526042258073,74.0163473769595,,
United States,USA,1984,33818.823551545,25.7480106911702,74.1500514363544,,
United States,USA,1985,34918.1302039172,25.9771851825972,74.30235208434,,
United States,USA,1986,35794.8877746784,26.2183697712404,74.4709411979853,,
United States,USA,1987,36701.9453874612,26.4537676766794,74.6535106543594,,
United States,USA,1988,37889.3773459827,26.6950614480247,74.8477523305311,,
United States,USA,1989,38911.5418959959,26.9483653165862,75.0513581035696,,
United States,USA,1990,39200.0658091762,27.2545136128993,75.2685508261939,,
United States,USA,1991,38637.8398179104,27.6211491261017,75.543016838308,,
United States,USA,1992,39447.9472850606,28.0068916121481,75.8943317611462,,
United States,USA,1993,40002.4762253198,28.3786587123429,76.2998113365493,644.0,UNECE/US DOT FHWA
United States,USA,1994,41106.9881833481,28.7288076375484,76.7405657773027,725.0,UNECE/US DOT FHWA
United States,USA,1995,41710.8207256668,29.0729515141457,77.1977052961919,729.0,UNECE/US DOT FHWA
United States,USA,1996,42783.8165724095,29.4131648134723,77.6523401060025,738.0,UNECE/US DOT FHWA
United States,USA,1997,44151.6860410035,29.7694279699879,78.0855804195199,733.0,UNECE/US DOT FHWA
United States,USA,1998,45596.4306879224,30.1184850681737,78.4785364495296,735.0,UNECE/US DOT FHWA
United States,USA,1999,47234.2455290381,30.4663411566379,78.812318408817,743.0,UNECE/US DOT FHWA
United States,USA,2000,48616.2546282435,30.7973013298523,79.0740897861327,752.0,UNECE/US DOT FHWA
United States,USA,2001,48597.4246124122,31.1036283879362,79.3086223667912,776.0,UNECE/US DOT FHWA
United States,USA,2002,48967.3661217576,31.3935499327652,79.5461039768657,766.0,UNECE/US DOT FHWA
United States,USA,2003,49905.5233080788,31.6645346171981,79.7773350255284,765.0,UNECE/US DOT FHWA
United States,USA,2004,51348.3473386025,31.9589450682826,79.9960936968363,778.0,UNECE/US DOT FHWA
United States,USA,2005,52649.5713060461,32.2548765979183,80.1961581748464,783.0,UNECE/US DOT FHWA
United States,USA,2006,53596.315236412,32.5673998463204,80.3713066436159,461.0,UNECE/US DOT FHWA
United States,USA,2007,54152.8292673551,32.8786113609374,80.5153172872016,459.0,UNECE/US DOT FHWA
United States,USA,2008,53703.962897927,33.2436868537795,80.6219682896606,458.0,UNECE/US DOT FHWA
United States,USA,2009,51863.6183416558,33.5363992251367,80.6850378350499,631.0,UNECE/US DOT FHWA
United States,USA,2010,52812.6829869279,33.8213646033526,80.6997744673366,614.0,UNECE/US DOT FHWA
United States,USA,2011,53215.5362314388,34.0904277927547,80.6957554256024,402.0,UNECE/US DOT FHWA
United States,USA,2012,54000.8410778217,34.3636893244215,80.6837493386238,354.0,UNECE/US DOT FHWA
United States,USA,2013,54728.860179812,34.6246572257533,80.660889281215,358.0,UNECE/US DOT FHWA
United States,USA,2014,55665.2411187802,34.9013776562134,80.6242231779766,357.0,UNECE/US DOT FHWA
United States,USA,2015,56849.4697923159,35.1809713558577,80.5707989535091,353.0,UNECE/US DOT FHWA
United States,USA,2016,57430.8499298804,35.4584505795077,80.4976645324131,351.0,UNECE/US DOT FHWA
United States,USA,2017,58435.9707535619,35.7049975840182,80.4018678392891,343.0,UNECE/US DOT FHWA
United States,USA,2018,59817.6556798612,35.9149986553586,80.2804567987377,340.0,UNECE/US DOT FHWA
United States,USA,2019,61047.9648238812,36.1004771837305,80.1304793353594,771.0,UNECE/US DOT FHWA
United States,USA,2020,59533.609024416,36.2482649752608,79.997451762548,766.0,UNECE/US DOT FHWA
United States,USA,2021,63096.7856149746,36.3053370239915,80.0074765140272,774.0,UNECE/US DOT FHWA
United States,USA,2022,64322.2332819139,36.5126236687503,80.0324978239707,772.0,UNECE/US DOT FHWA
United States,USA,2023,65667.281580468,36.8142112202129,80.071561119178,770.0,UNECE/US DOT FHWA
United States,USA,2024,66856.5131698371,,80.1247798047184,,
